{"current":{"product_clr":"#b64bab","color_sec":"#c44d4d","sections":{"product-list":{"type":"product-list","settings":{"sold_out_products":false}},"announcement-bar":{"type":"announcement-bar","settings":{"show_announcement":true,"announcement_text":"Free shipping on orders $35+ 🚀","announcement_bg_clr":"#910f3f","announcement_txt_clr":"#ffffff"}},"header":{"type":"header","settings":{"header_bg_clr":"#f2efdd","header_txt_clr":"#966421"}},"banner":{"type":"banner","blocks":{"04adba02-0bd8-4121-a910-0f4781d64e90":{"type":"text","settings":{"image":"shopify:\/\/shop_images\/ripe-red-strawberries-in-a-white-bowl.jpg","banner-title":"Meet your new favorite pantry staple!","banner-content":"Cook restaurant-quality Asian dishes in under 30 minutes with our meal starters."}},"df72aba8-b073-42be-9ef6-91f8d3a69ee4":{"type":"text","settings":{"image":"shopify:\/\/shop_images\/camera-looks-down-on-wooden-table-with-two-bao-buns.jpg","banner-title":"hhhdgcegcv","banner-content":""}}},"block_order":["04adba02-0bd8-4121-a910-0f4781d64e90","df72aba8-b073-42be-9ef6-91f8d3a69ee4"],"settings":{}},"featured-products":{"type":"featured-products","settings":{"product_list":["example-t-shirt","manife-t-socks","omsom-muay-thai-shorts","green-cap"]}},"featured-collection":{"type":"featured-collection","settings":{"collection":"combo-packs","products_par_row":3,"number_of_row":1}},"footer":{"type":"footer","settings":{}}},"content_for_index":[]},"presets":{"Default":{}}}